id,state_id,county_name_id
1,1,91
2,1,98
3,1,109
4,1,162
5,1,177
6,1,238
7,1,248
8,1,263
9,1,317
10,1,339
11,1,349
12,1,353
13,1,371
14,1,373
15,1,378
16,1,393
17,1,396
18,1,417
19,1,426
20,1,438
21,1,448
22,1,459
23,1,470
24,1,472
25,1,496
26,1,578
27,1,586
28,1,590
29,1,608
30,1,632
31,1,665
32,1,717
33,1,746
34,1,795
35,1,829
36,1,875
37,1,882
38,1,982
39,1,1005
40,1,1009
41,1,1016
42,1,1033
43,1,1057
44,1,1073
45,1,1076
46,1,91
47,1,98
48,1,109
49,1,162
50,1,177
51,1,238
52,1,248
53,1,263
54,1,317
55,1,339
56,1,349
57,1,353
58,1,371
59,1,373
60,1,378
61,1,393
62,1,396
63,1,417
64,1,426
65,1,438
66,1,448
67,1,459
68,1,470
69,1,472
70,1,496
71,1,578
72,1,586
73,1,590
74,1,608
75,1,632
76,1,665
77,1,717
78,1,746
79,1,795
80,1,829
81,1,875
82,1,882
83,1,982
84,1,1005
85,1,1009
86,1,1016
87,1,1033
88,1,1057
89,1,1073
90,1,1076
91,1,1092
92,1,1098
93,1,1102
94,1,1180
95,1,1190
96,1,1195
97,1,1203
98,1,1368
99,1,1380
100,1,1383
101,1,1454
102,1,1524
103,1,1648
104,1,1610
105,1,1704
106,1,1721
107,1,1723
108,1,1790
109,1,1846
110,1,1865
111,1,1907
112,1,1926
113,2,23
114,2,24
115,2,44
116,2,160
117,2,215
118,2,500
119,2,516
120,2,594
121,2,745
122,2,821
123,2,904
124,2,923
125,2,934
126,2,960
127,2,979
128,2,1108
129,2,1262
130,2,1266
131,2,1270
132,2,1371
133,2,1433
134,2,1623
135,2,1625
136,2,1638
137,2,1811
138,2,1839
139,2,1939
140,2,1948
141,2,1965
142,3,55
143,3,388
144,3,391
145,3,670
146,3,698
147,3,718
148,3,966
149,3,1094
150,3,1184
151,3,1233
152,3,1384
153,3,1385
154,3,1569
155,3,1955
156,3,1966
157,4,65
158,4,74
159,4,125
160,4,151
161,4,186
162,4,203
163,4,263
164,4,290
165,4,347
166,4,370
167,4,373
168,4,378
169,4,380
170,4,408
171,4,421
172,4,443
173,4,446
174,4,450
175,4,454
176,4,472
177,4,506
178,4,536
179,4,606
180,4,632
181,4,642
182,4,653
183,4,705
184,4,717
185,4,789
186,4,826
187,4,830
188,4,852
189,4,873
190,4,875
191,4,882
192,4,896
193,4,974
194,4,1009
195,4,1016
196,4,1034
197,4,1039
198,4,1044
199,4,1047
200,4,1076
201,4,1098
202,4,1168
203,4,1177
204,4,1190
205,4,1195
206,4,1240
207,4,1252
208,4,1322
209,4,1368
210,4,1377
211,4,1383
212,4,1402
213,4,1404
214,4,1408
215,4,1422
216,4,1438
217,4,1454
218,4,1651
219,4,1539
220,4,1589
221,4,1593
222,4,1594
223,4,1600
224,4,1605
225,4,1690
226,4,1802
227,4,1814
228,4,1865
229,4,1897
230,4,1933
231,4,1957
232,5,17
233,5,38
234,5,39
235,5,249
236,5,258
237,5,411
238,5,419
239,5,497
240,5,569
241,5,639
242,5,682
243,5,838
244,5,851
245,5,856
246,5,931
247,5,947
248,5,980
249,5,1002
250,5,1050
251,5,1075
252,5,1096
253,5,1099
254,5,1149
255,5,1152
256,5,1182
257,5,1187
258,5,1193
259,5,1227
260,5,1240
261,5,1306
262,5,1395
263,5,1399
264,5,1493
265,5,1531
266,5,1544
267,5,1545
268,5,1546
269,5,1547
270,5,1550
271,5,1554
272,5,1555
273,5,1567
274,5,1568
275,5,1569
276,5,1606
277,5,1618
278,5,1622
279,5,1633
280,5,1636
281,5,1670
282,5,1709
283,5,1733
284,5,1778
285,5,1785
286,5,1788
287,5,1822
288,5,1961
289,5,1964
290,6,6
291,6,18
292,6,60
293,6,62
294,6,94
295,6,150
296,6,192
297,6,224
298,6,316
299,6,345
300,6,375
301,6,418
302,6,433
303,6,456
304,6,465
305,6,499
306,6,503
307,6,526
308,6,535
309,6,550
310,6,571
311,6,570
312,6,638
313,6,652
314,6,676
315,6,700
316,6,739
317,6,809
318,6,835
319,6,875
320,6,882
321,6,950
322,6,951
323,6,980
324,6,967
325,6,996
326,6,998
327,6,1034
328,6,1044
329,6,1157
330,6,1172
331,6,1183
332,6,1194
333,6,1198
334,6,1203
335,6,1317
336,6,1324
337,6,1340
338,6,1377
339,6,1390
340,6,1436
341,6,1437
342,6,1488
343,6,1489
344,6,1519
345,6,1534
346,6,1551
347,6,1556
348,6,1595
349,6,1702
350,6,1735
351,6,1865
352,6,1882
353,6,1966
354,7,597
355,7,777
356,7,1038
357,7,1161
358,7,1243
359,7,1245
360,7,1759
361,7,1919
362,9,928
363,9,1241
364,9,1708
365,8,520
366,10,15
367,10,97
368,10,126
369,10,202
370,10,212
371,10,225
372,10,263
373,10,325
374,10,362
375,10,373
376,10,402
377,10,408
378,10,507
379,10,522
380,10,548
381,10,586
382,10,615
383,10,632
384,10,644
385,10,671
386,10,678
387,10,738
388,10,750
389,10,762
390,10,792
391,10,797
392,10,804
393,10,806
394,10,815
395,10,853
396,10,875
397,10,882
398,10,974
399,10,980
400,10,1016
401,10,1023
402,10,1026
403,10,1031
404,10,1076
405,10,1086
406,10,1098
407,10,1103
408,10,1160
409,10,1190
410,10,1230
411,10,1291
412,10,1293
413,10,1306
414,10,1314
415,10,1335
416,10,1344
417,10,1387
418,10,1404
419,10,1440
420,10,1657
421,10,1663
422,10,1572
423,10,1573
424,10,1596
425,10,1704
426,10,1711
427,10,1731
428,10,1802
429,10,1835
430,10,1844
431,10,1853
432,10,1865
433,11,57
434,11,81
435,11,95
436,11,97
437,11,98
438,11,104
439,11,117
440,11,121
441,11,145
442,11,158
443,11,162
444,11,175
445,11,205
446,11,222
447,11,229
448,11,237
449,11,241
450,11,250
451,11,263
452,11,271
453,11,278
454,11,290
455,11,305
456,11,327
457,11,329
458,11,330
459,11,331
460,11,339
461,11,371
462,11,373
463,11,374
464,11,381
465,11,387
466,11,393
467,11,407
468,11,408
469,11,422
470,11,439
471,11,446
472,11,449
473,11,467
474,11,486
475,11,493
476,11,496
477,11,525
478,11,530
479,11,534
480,11,535
481,11,551
482,11,559
483,11,568
484,11,571
485,11,579
486,11,593
487,11,603
488,11,608
489,11,620
490,11,627
491,11,632
492,11,642
493,11,675
494,11,680
495,11,684
496,11,692
497,11,696
498,11,717
499,11,742
500,11,744
501,11,748
502,11,756
503,11,761
504,11,773
505,11,776
506,11,787
507,11,795
508,11,829
509,11,864
510,11,875
511,11,878
512,11,881
513,11,882
514,11,886
515,11,896
516,11,898
517,11,982
518,11,991
519,11,1007
520,11,1016
521,11,1031
522,11,1034
523,11,1046
524,11,1057
525,11,1061
526,11,1127
527,11,1129
528,11,1073
529,11,1076
530,11,1098
531,11,1154
532,11,1168
533,11,1179
534,11,1190
535,11,1195
536,11,1203
537,11,1216
538,11,1218
539,11,1252
540,11,1285
541,11,1289
542,11,1349
543,11,1353
544,11,1380
545,11,1382
546,11,1383
547,11,1404
548,11,1438
549,11,1440
550,11,1445
551,11,1446
552,11,1454
553,11,1483
554,11,1504
555,11,1582
556,11,1591
557,11,1596
558,11,1639
559,11,1681
560,11,1686
561,11,1704
562,11,1719
563,11,1720
564,11,1730
565,11,1731
566,11,1734
567,11,1738
568,11,1743
569,11,1746
570,11,1764
571,11,1767
572,11,1775
573,11,1780
574,11,1789
575,11,1793
576,11,1802
577,11,1805
578,11,1846
579,11,1853
580,11,1857
581,11,1858
582,11,1865
583,11,1875
584,11,1880
585,11,1896
586,11,1897
587,11,1900
588,11,1907
589,11,1908
590,11,1910
591,11,1938
592,12,782
593,12,817
594,12,908
595,12,916
596,12,1110
597,13,4
598,13,6
599,13,106
600,13,131
601,13,146
602,13,167
603,13,171
604,13,179
605,13,184
606,13,185
607,13,193
608,13,249
609,13,269
610,13,281
611,13,285
612,13,299
613,13,370
614,13,377
615,13,465
616,13,578
617,13,632
618,13,638
619,13,663
620,13,691
621,13,850
622,13,882
623,13,889
624,13,962
625,13,1003
626,13,1020
627,13,1028
628,13,1034
629,13,1076
630,13,1174
631,13,1253
632,13,1301
633,13,1329
634,13,1351
635,13,1419
636,13,1616
637,13,1740
638,13,1794
639,13,1813
640,13,1865
641,14,6
642,14,25
643,14,183
644,14,186
645,14,226
646,14,240
647,14,263
648,14,290
649,14,298
650,14,318
651,14,356
652,14,370
653,14,373
654,14,382
655,14,399
656,14,422
657,14,446
658,14,461
659,14,496
660,14,490
661,14,535
662,14,544
663,14,562
664,14,567
665,14,568
666,14,608
667,14,624
668,14,632
669,14,642
670,14,648
671,14,717
672,14,729
673,14,750
674,14,756
675,14,764
676,14,790
677,14,795
678,14,863
679,14,875
680,14,878
681,14,882
682,14,890
683,14,895
684,14,896
685,14,913
686,14,914
687,14,924
688,14,959
689,14,980
690,14,1001
691,14,1009
692,14,1016
693,14,1041
694,14,1044
695,14,1125
696,14,1128
697,14,1133
698,14,1073
699,14,1074
700,14,1076
701,14,1098
702,14,1102
703,14,1105
704,14,1106
705,14,1148
706,14,1153
707,14,1190
708,14,1195
709,14,1203
710,14,1211
711,14,1288
712,14,1364
713,14,1368
714,14,1378
715,14,1383
716,14,1408
717,14,1438
718,14,1440
719,14,1454
720,14,1480
721,14,1501
722,14,1648
723,14,1539
724,14,1564
725,14,1585
726,14,1589
727,14,1610
728,14,1674
729,14,1682
730,14,1732
731,14,1802
732,14,1823
733,14,1836
734,14,1858
735,14,1865
736,14,1875
737,14,1897
738,14,1899
739,14,1911
740,14,1916
741,14,1923
742,14,1932
743,15,6
744,15,34
745,15,119
746,15,151
747,15,169
748,15,186
749,15,226
750,15,290
751,15,298
752,15,370
753,15,373
754,15,382
755,15,446
756,15,482
757,15,492
758,15,493
759,15,496
760,15,498
761,15,537
762,15,573
763,15,608
764,15,620
765,15,630
766,15,632
767,15,642
768,15,669
769,15,705
770,15,717
771,15,750
772,15,756
773,15,774
774,15,791
775,15,795
776,15,830
777,15,843
778,15,875
779,15,878
780,15,879
781,15,882
782,15,887
783,15,896
784,15,959
785,15,963
786,15,977
787,15,980
788,15,993
789,15,1009
790,15,1076
791,15,1098
792,15,1102
793,15,1103
794,15,1159
795,15,1190
796,15,1195
797,15,1203
798,15,1252
799,15,1258
800,15,1290
801,15,1306
802,15,1327
803,15,1341
804,15,1368
805,15,1383
806,15,1411
807,15,1413
808,15,1438
809,15,1440
810,15,1454
811,15,1491
812,15,1522
813,15,1658
814,15,1589
815,15,1610
816,15,1641
817,15,1675
818,15,1684
819,15,1699
820,15,1718
821,15,1752
822,15,1753
823,15,1802
824,15,1818
825,15,1825
826,15,1830
827,15,1836
828,15,1858
829,15,1859
830,15,1865
831,15,1875
832,15,1883
833,15,1897
834,15,1901
835,16,5
836,16,6
837,16,29
838,16,56
839,16,86
840,16,151
841,16,168
842,16,186
843,16,211
844,16,230
845,16,234
846,16,248
847,16,263
848,16,290
849,16,298
850,16,312
851,16,315
852,16,339
853,16,346
854,16,371
855,16,373
856,16,374
857,16,382
858,16,446
859,16,472
860,16,483
861,16,493
862,16,498
863,16,504
864,16,514
865,16,538
866,16,581
867,16,608
868,16,620
869,16,632
870,16,638
871,16,717
872,16,729
873,16,741
874,16,750
875,16,756
876,16,764
877,16,774
878,16,795
879,16,830
880,16,838
881,16,849
882,16,859
883,16,875
884,16,878
885,16,882
886,16,896
887,16,898
888,16,930
889,16,964
890,16,1016
891,16,1036
892,16,1053
893,16,1059
894,16,1070
895,16,1076
896,16,1079
897,16,1098
898,16,1102
899,16,1169
900,16,1179
901,16,1188
902,16,1190
903,16,1195
904,16,1217
905,16,1281
906,16,1314
907,16,1334
908,16,1336
909,16,1400
910,16,1401
911,16,1404
912,16,1415
913,16,1420
914,16,1486
915,16,1530
916,16,1589
917,16,1610
918,16,1621
919,16,1693
920,16,1724
921,16,1731
922,16,1802
923,16,1814
924,16,1855
925,16,1858
926,16,1865
927,16,1875
928,16,1880
929,16,1923
930,16,1924
931,16,1931
932,16,1938
933,16,1940
934,17,34
935,17,45
936,17,79
937,17,108
938,17,120
939,17,194
940,17,226
941,17,248
942,17,328
943,17,332
944,17,339
945,17,345
946,17,370
947,17,373
948,17,383
949,17,394
950,17,413
951,17,440
952,17,446
953,17,493
954,17,514
955,17,528
956,17,535
957,17,567
958,17,572
959,17,576
960,17,577
961,17,613
962,17,624
963,17,632
964,17,661
965,17,695
966,17,698
967,17,705
968,17,710
969,17,713
970,17,722
971,17,750
972,17,772
973,17,779
974,17,780
975,17,813
976,17,875
977,17,882
978,17,892
979,17,896
980,17,920
981,17,946
982,17,950
983,17,970
984,17,989
985,17,1014
986,17,1034
987,17,1036
988,17,1044
989,17,1070
990,17,1139
991,17,1098
992,17,1102
993,17,1140
994,17,1159
995,17,1179
996,17,1195
997,17,1206
998,17,1209
999,17,1236
1000,17,1237
1001,17,1239
1002,17,1272
1003,17,1312
1004,17,1313
1005,17,1320
1006,17,1350
1007,17,1377
1008,17,1414
1009,17,1423
1010,17,1460
1011,17,1471
1012,17,1474
1013,17,1477
1014,17,1484
1015,17,1511
1016,17,1522
1017,17,1524
1018,17,1539
1019,17,1589
1020,17,1595
1021,17,1601
1022,17,1608
1023,17,1613
1024,17,1614
1025,17,1628
1026,17,1669
1027,17,1673
1028,17,1685
1029,17,1703
1030,17,1743
1031,17,1773
1032,17,1838
1033,17,1848
1034,17,1865
1035,17,1904
1036,17,1917
1037,17,1935
1038,17,1942
1039,18,5
1040,18,34
1041,18,45
1042,18,99
1043,18,115
1044,18,124
1045,18,142
1046,18,186
1047,18,194
1048,18,199
1049,18,200
1050,18,201
1051,18,209
1052,18,210
1053,18,236
1054,18,248
1055,18,260
1056,18,266
1057,18,275
1058,18,286
1059,18,290
1060,18,293
1061,18,297
1062,18,356
1063,18,370
1064,18,373
1065,18,382
1066,18,450
1067,18,461
1068,18,482
1069,18,565
1070,18,575
1071,18,589
1072,18,608
1073,18,617
1074,18,620
1075,18,632
1076,18,642
1077,18,648
1078,18,654
1079,18,705
1080,18,709
1081,18,712
1082,18,714
1083,18,720
1084,18,756
1085,18,764
1086,18,768
1087,18,774
1088,18,776
1089,18,790
1090,18,795
1091,18,800
1092,18,823
1093,18,875
1094,18,882
1095,18,891
1096,18,896
1097,18,929
1098,18,958
1099,18,959
1100,18,997
1101,18,1006
1102,18,1009
1103,18,1016
1104,18,1024
1105,18,1025
1106,18,1028
1107,18,1034
1108,18,1041
1109,18,1044
1110,18,1070
1111,18,1120
1112,18,1121
1113,18,1133
1114,18,1076
1115,18,1078
1116,18,1098
1117,18,1102
1118,18,1103
1119,18,1105
1120,18,1140
1121,18,1150
1122,18,1153
1123,18,1158
1124,18,1190
1125,18,1195
1126,18,1203
1127,18,1214
1128,18,1235
1129,18,1255
1130,18,1290
1131,18,1298
1132,18,1327
1133,18,1328
1134,18,1360
1135,18,1368
1136,18,1383
1137,18,1418
1138,18,1438
1139,18,1498
1140,18,1503
1141,18,1520
1142,18,1524
1143,18,1589
1144,18,1610
1145,18,1620
1146,18,1641
1147,18,1731
1148,18,1758
1149,18,1776
1150,18,1777
1151,18,1802
1152,18,1858
1153,18,1865
1154,18,1875
1155,18,1880
1156,18,1901
1157,18,1929
1158,18,1932
1159,19,2
1160,19,35
1161,19,71
1162,19,77
1163,19,93
1164,19,133
1165,19,163
1166,19,189
1167,19,256
1168,19,259
1169,19,261
1170,19,273
1171,19,302
1172,19,365
1173,19,416
1174,19,489
1175,19,552
1176,19,553
1177,19,554
1178,19,592
1179,19,633
1180,19,706
1181,19,847
1182,19,848
1183,19,876
1184,19,885
1185,19,884
1186,19,975
1187,19,976
1188,19,969
1189,19,1035
1190,19,1042
1191,19,1077
1192,19,1202
1193,19,1231
1194,19,1310
1195,19,1323
1196,19,1396
1197,19,1403
1198,19,1457
1199,19,1466
1200,19,1481
1201,19,1529
1202,19,1645
1203,19,1647
1204,19,1653
1205,19,1654
1206,19,1656
1207,19,1659
1208,19,1664
1209,19,1665
1210,19,1667
1211,19,1726
1212,19,1736
1213,19,1737
1214,19,1803
1215,19,1824
1216,19,1827
1217,19,1866
1218,19,1881
1219,19,1884
1220,19,1885
1221,19,1886
1222,19,1922
1223,20,48
1224,20,68
1225,20,461
1226,20,632
1227,20,756
1228,20,926
1229,20,959
1230,20,1034
1231,20,1330
1232,20,1362
1233,20,1389
1234,20,1532
1235,20,1634
1236,20,1845
1237,20,1865
1238,20,1962
1239,21,31
1240,21,50
1241,21,101
1242,21,268
1243,21,289
1244,21,290
1245,21,311
1246,21,321
1247,21,533
1248,21,634
1249,21,655
1250,21,767
1251,21,830
1252,21,928
1253,21,1195
1254,21,1432
1255,21,1443
1256,21,1666
1257,21,1634
1258,21,1719
1259,21,1865
1260,21,1905
1261,21,1937
1262,21,100
1263,22,112
1264,22,156
1265,22,217
1266,22,540
1267,22,588
1268,22,632
1269,22,752
1270,22,753
1271,22,1161
1272,22,1226
1273,22,1264
1274,22,1400
1275,22,1698
1276,22,1937
1277,23,21
1278,23,28
1279,23,30
1280,23,37
1281,23,54
1282,23,64
1283,23,107
1284,23,118
1285,23,126
1286,23,152
1287,23,158
1288,23,204
1289,23,263
1290,23,298
1291,23,324
1292,23,335
1293,23,350
1294,23,367
1295,23,382
1296,23,446
1297,23,499
1298,23,514
1299,23,557
1300,23,581
1301,23,664
1302,23,679
1303,23,685
1304,23,703
1305,23,708
1306,23,807
1307,23,828
1308,23,844
1309,23,855
1310,23,857
1311,23,858
1312,23,862
1313,23,866
1314,23,875
1315,23,907
1316,23,909
1317,23,928
1318,23,936
1319,23,980
1320,23,992
1321,23,1017
1322,23,1021
1323,23,1041
1324,23,1060
1325,23,1071
1326,23,1072
1327,23,1088
1328,23,1101
1329,23,1105
1330,23,1143
1331,23,1151
1332,23,1162
1333,23,1176
1334,23,1190
1335,23,1192
1336,23,1196
1337,23,1219
1338,23,1248
1339,23,1279
1340,23,1283
1341,23,1287
1342,23,1305
1343,23,1314
1344,23,1315
1345,23,1319
1346,23,1320
1347,23,1427
1348,23,1513
1349,23,1533
1350,23,1648
1351,23,1658
1352,23,1565
1353,23,1584
1354,23,1615
1355,23,1792
1356,23,1814
1357,23,1869
1358,23,1875
1359,23,1892
1360,24,14
1361,24,51
1362,24,136
1363,24,144
1364,24,151
1365,24,165
1366,24,178
1367,24,226
1368,24,287
1369,24,295
1370,24,298
1371,24,350
1372,24,351
1373,24,373
1374,24,377
1375,24,422
1376,24,436
1377,24,455
1378,24,469
1379,24,525
1380,24,535
1381,24,604
1382,24,612
1383,24,636
1384,24,690
1385,24,705
1386,24,793
1387,24,829
1388,24,832
1389,24,867
1390,24,871
1391,24,875
1392,24,910
1393,24,912
1394,24,954
1395,24,961
1396,24,971
1397,24,980
1398,24,981
1399,24,1011
1400,24,1034
1401,24,1070
1402,24,1135
1403,24,1080
1404,24,1102
1405,24,1103
1406,24,1145
1407,24,1167
1408,24,1207
1409,24,1213
1410,24,1216
1411,24,1256
1412,24,1259
1413,24,1265
1414,24,1300
1415,24,1321
1416,24,1361
1417,24,1386
1418,24,1388
1419,24,1404
1420,24,1408
1421,24,1452
1422,24,1464
1423,24,1468
1424,24,1473
1425,24,1477
1426,24,1500
1427,24,1515
1428,24,1662
1429,24,1589
1430,24,1612
1431,24,1617
1432,24,1679
1433,24,1680
1434,24,1685
1435,24,1716
1436,24,1758
1437,24,1770
1438,24,1837
1439,24,1840
1440,24,1862
1441,24,1865
1442,24,1871
1443,24,1909
1444,24,1925
1445,24,1940
1446,24,1958
1447,25,6
1448,25,22
1449,25,42
1450,25,84
1451,25,151
1452,25,180
1453,25,263
1454,25,290
1455,25,346
1456,25,353
1457,25,364
1458,25,371
1459,25,373
1460,25,384
1461,25,427
1462,25,438
1463,25,507
1464,25,626
1465,25,632
1466,25,667
1467,25,717
1468,25,726
1469,25,756
1470,25,774
1471,25,808
1472,25,815
1473,25,839
1474,25,870
1475,25,872
1476,25,875
1477,25,878
1478,25,882
1479,25,883
1480,25,898
1481,25,922
1482,25,974
1483,25,982
1484,25,1005
1485,25,1009
1486,25,1013
1487,25,1016
1488,25,1018
1489,25,1034
1490,25,1057
1491,25,1076
1492,25,1098
1493,25,1102
1494,25,1190
1495,25,1195
1496,25,1238
1497,25,1252
1498,25,1275
1499,25,1297
1500,25,1339
1501,25,1354
1502,25,1368
1503,25,1383
1504,25,1407
1505,25,1425
1506,25,1445
1507,25,1455
1508,25,1589
1509,25,1604
1510,25,1620
1511,25,1628
1512,25,1690
1513,25,1705
1514,25,1722
1515,25,1729
1516,25,1751
1517,25,1754
1518,25,1787
1519,25,1802
1520,25,1852
1521,25,1858
1522,25,1865
1523,25,1875
1524,25,1880
1525,25,1910
1526,25,1926
1527,25,1949
1528,25,1956
1529,26,5
1530,26,46
1531,26,79
1532,26,85
1533,26,118
1534,26,120
1535,26,123
1536,26,151
1537,26,181
1538,26,186
1539,26,230
1540,26,248
1541,26,260
1542,26,265
1543,26,271
1544,26,282
1545,26,290
1546,26,293
1547,26,298
1548,26,312
1549,26,319
1550,26,356
1551,26,370
1552,26,373
1553,26,382
1554,26,397
1555,26,424
1556,26,446
1557,26,467
1558,26,472
1559,26,482
1560,26,496
1561,26,501
1562,26,535
1563,26,542
1564,26,632
1565,26,658
1566,26,666
1567,26,717
1568,26,729
1569,26,774
1570,26,795
1571,26,801
1572,26,816
1573,26,830
1574,26,831
1575,26,862
1576,26,875
1577,26,878
1578,26,882
1579,26,896
1580,26,959
1581,26,973
1582,26,974
1583,26,1009
1584,26,1028
1585,26,1034
1586,26,1036
1587,26,1041
1588,26,1124
1589,26,1073
1590,26,1076
1591,26,1095
1592,26,1098
1593,26,1153
1594,26,1168
1595,26,1177
1596,26,1185
1597,26,1190
1598,26,1195
1599,26,1203
1600,26,1246
1601,26,1252
1602,26,1260
1603,26,1308
1604,26,1312
1605,26,1331
1606,26,1357
1607,26,1368
1608,26,1374
1609,26,1375
1610,26,1383
1611,26,1397
1612,26,1404
1613,26,1438
1614,26,1440
1615,26,1451
1616,26,1454
1617,26,1461
1618,26,1475
1619,26,1491
1620,26,1646
1621,26,1648
1622,26,1678
1623,26,1652
1624,26,1662
1625,26,1539
1626,26,1585
1627,26,1588
1628,26,1589
1629,26,1603
1630,26,1610
1631,26,1688
1632,26,1690
1633,26,1699
1634,26,1725
1635,26,1741
1636,26,1826
1637,26,1858
1638,26,1865
1639,26,1875
1640,26,1880
1641,26,1938
1642,26,1940
1643,26,1661
1644,27,135
1645,27,164
1646,27,171
1647,27,218
1648,27,284
1649,27,293
1650,27,296
1651,27,354
1652,27,465
1653,27,474
1654,27,486
1655,27,494
1656,27,600
1657,27,610
1658,27,616
1659,27,648
1660,27,652
1661,27,677
1662,27,686
1663,27,704
1664,27,805
1665,27,882
1666,27,902
1667,27,980
1668,27,1027
1669,27,1031
1670,27,1034
1671,27,1117
1672,27,1076
1673,27,1141
1674,27,1172
1675,27,1178
1676,27,1222
1677,27,1340
1678,27,1373
1679,27,1377
1680,27,1406
1681,27,1417
1682,27,1418
1683,27,1422
1684,27,1459
1685,27,1480
1686,27,1512
1687,27,1516
1688,27,1561
1689,27,1613
1690,27,1619
1691,27,1687
1692,27,1714
1693,27,1740
1694,27,1763
1695,27,1772
1696,27,1813
1697,27,1895
1698,27,1903
1699,27,1959
1700,28,6
1701,28,53
1702,28,70
1703,28,105
1704,28,171
1705,28,186
1706,28,197
1707,28,199
1708,28,226
1709,28,235
1710,28,247
1711,28,248
1712,28,298
1713,28,312
1714,28,328
1715,28,340
1716,28,345
1717,28,373
1718,28,400
1719,28,462
1720,28,465
1721,28,469
1722,28,485
1723,28,486
1724,28,508
1725,28,523
1726,28,525
1727,28,535
1728,28,541
1729,28,612
1730,28,632
1731,28,641
1732,28,643
1733,28,645
1734,28,651
1735,28,652
1736,28,694
1737,28,705
1738,28,713
1739,28,748
1740,28,750
1741,28,768
1742,28,784
1743,28,810
1744,28,816
1745,28,820
1746,28,830
1747,28,882
1748,28,896
1749,28,919
1750,28,921
1751,28,937
1752,28,939
1753,28,959
1754,28,987
1755,28,1034
1756,28,1044
1757,28,1054
1758,28,1139
1759,28,1076
1760,28,1155
1761,28,1205
1762,28,1225
1763,28,1236
1764,28,1276
1765,28,1318
1766,28,1350
1767,28,1366
1768,28,1375
1769,28,1382
1770,28,1397
1771,28,1404
1772,28,1467
1773,28,1479
1774,28,1500
1775,28,1539
1776,28,1576
1777,28,1578
1778,28,1590
1779,28,1601
1780,28,1613
1781,28,1614
1782,28,1621
1783,28,1673
1784,28,1742
1785,28,1743
1786,28,1745
1787,28,1813
1788,28,1865
1789,28,1875
1790,28,1880
1791,28,1896
1792,28,1962
1793,29,357
1794,29,370
1795,29,535
1796,29,574
1797,29,587
1798,29,591
1799,29,838
1800,29,988
1801,29,1034
1802,29,1070
1803,29,1172
1804,29,1278
1805,29,1369
1806,29,1692
1807,29,1868
1808,29,1898
1809,29,291
1810,30,141
1811,30,290
1812,30,342
1813,30,425
1814,30,697
1815,30,806
1816,30,1156
1817,30,1505
1818,30,1694
1819,30,1699
1820,31,82
1821,31,153
1822,31,244
1823,31,271
1824,31,283
1825,31,461
1826,31,588
1827,31,683
1828,31,833
1829,31,841
1830,31,1153
1831,31,1161
1832,31,1186
1833,31,1206
1834,31,1282
1835,31,1346
1836,31,1537
1837,31,1634
1838,31,1708
1839,31,1802
1840,31,1858
1841,32,157
1842,32,306
1843,32,333
1844,32,359
1845,32,400
1846,32,464
1847,32,488
1848,32,527
1849,32,561
1850,32,705
1851,32,730
1852,32,765
1853,32,802
1854,32,1012
1855,32,1034
1856,32,1049
1857,32,1062
1858,32,1132
1859,32,1201
1860,32,1317
1861,32,1441
1862,32,1487
1863,32,1512
1864,32,1562
1865,32,1551
1866,32,1556
1867,32,1570
1868,32,1618
1869,32,1632
1870,32,1727
1871,32,1765
1872,32,1802
1873,32,1812
1874,33,19
1875,33,31
1876,33,219
1877,33,223
1878,33,307
1879,33,310
1880,33,332
1881,33,337
1882,33,338
1883,33,382
1884,33,408
1885,33,430
1886,33,498
1887,33,547
1888,33,585
1889,33,588
1890,33,632
1891,33,642
1892,33,664
1893,33,717
1894,33,750
1895,33,796
1896,33,882
1897,33,947
1898,33,1028
1899,33,1041
1900,33,1076
1901,33,1190
1902,33,1195
1903,33,1230
1904,33,1247
1905,33,1254
1906,33,1301
1907,33,1302
1908,33,1304
1909,33,1306
1910,33,1309
1911,33,1316
1912,33,1319
1913,33,1440
1914,33,1444
1915,33,1472
1916,33,1483
1917,33,1506
1918,33,1660
1919,33,1574
1920,33,1580
1921,33,1583
1922,33,1585
1923,33,1597
1924,33,1684
1925,33,1698
1926,33,1699
1927,33,1750
1928,33,1761
1929,33,1799
1930,33,1858
1931,33,1865
1932,33,1875
1933,33,1887
1934,33,1943
1935,33,1953
1936,34,16
1937,34,25
1938,34,32
1939,34,52
1940,34,72
1941,34,92
1942,34,132
1943,34,159
1944,34,170
1945,34,228
1946,34,239
1947,34,241
1948,34,251
1949,34,260
1950,34,271
1951,34,294
1952,34,301
1953,34,304
1954,34,329
1955,34,339
1956,34,355
1957,34,373
1958,34,380
1959,34,410
1960,34,445
1961,34,461
1962,34,463
1963,34,476
1964,34,480
1965,34,481
1966,34,545
1967,34,546
1968,34,563
1969,34,627
1970,34,632
1971,34,659
1972,34,660
1973,34,698
1974,34,707
1975,34,717
1976,34,737
1977,34,747
1978,34,770
1979,34,786
1980,34,790
1981,34,798
1982,34,814
1983,34,846
1984,34,860
1985,34,875
1986,34,897
1987,34,898
1988,34,1016
1989,34,1022
1990,34,1034
1991,34,1126
1992,34,1073
1993,34,1076
1994,34,1103
1995,34,1142
1996,34,1179
1997,34,1195
1998,34,1200
1999,34,1229
2000,34,1242
2001,34,1267
2002,34,1303
2003,34,1306
2004,34,1338
2005,34,1345
2006,34,1359
2007,34,1367
2008,34,1370
2009,34,1391
2010,34,1404
2011,34,1454
2012,34,1483
2013,34,1499
2014,34,1505
2015,34,1520
2016,34,1525
2017,34,1542
2018,34,1588
2019,34,1672
2020,34,1689
2021,34,1706
2022,34,1712
2023,34,1769
2024,34,1796
2025,34,1802
2026,34,1817
2027,34,1843
2028,34,1858
2029,34,1865
2030,34,1870
2031,34,1875
2032,34,1908
2033,34,1917
2034,34,1946
2035,34,1951
2036,35,6
2037,35,111
2038,35,149
2039,35,166
2040,35,191
2041,35,196
2042,35,241
2043,35,242
2044,35,298
2045,35,308
2046,35,513
2047,35,521
2048,35,543
2049,35,561
2050,35,582
2051,35,629
2052,35,686
2053,35,701
2054,35,705
2055,35,727
2056,35,799
2057,35,938
2058,35,985
2059,35,1044
2060,35,1128
2061,35,1129
2062,35,1131
2063,35,1133
2064,35,1153
2065,35,1209
2066,35,1212
2067,35,1235
2068,35,1299
2069,35,1356
2070,35,1382
2071,35,1452
2072,35,1456
2073,35,1473
2074,35,1480
2075,35,1510
2076,35,1575
2077,35,1613
2078,35,1621
2079,35,1627
2080,35,1674
2081,35,1680
2082,35,1695
2083,35,1766
2084,35,1768
2085,35,1851
2086,35,1856
2087,35,1883
2088,35,1913
2089,36,6
2090,36,34
2091,36,73
2092,36,75
2093,36,80
2094,36,87
2095,36,143
2096,36,226
2097,36,248
2098,36,290
2099,36,318
2100,36,370
2101,36,379
2102,36,382
2103,36,409
2104,36,432
2105,36,446
2106,36,466
2107,36,477
2108,36,495
2109,36,498
2110,36,585
2111,36,597
2112,36,608
2113,36,632
2114,36,642
2115,36,649
2116,36,662
2117,36,717
2118,36,736
2119,36,750
2120,36,756
2121,36,764
2122,36,774
2123,36,795
2124,36,803
2125,36,811
2126,36,815
2127,36,844
2128,36,875
2129,36,882
2130,36,959
2131,36,980
2132,36,1009
2133,36,1032
2134,36,1044
2135,36,1048
2136,36,1059
2137,36,1076
2138,36,1081
2139,36,1098
2140,36,1144
2141,36,1146
2142,36,1153
2143,36,1159
2144,36,1190
2145,36,1195
2146,36,1203
2147,36,1208
2148,36,1220
2149,36,1258
2150,36,1320
2151,36,1349
2152,36,1368
2153,36,1379
2154,36,1383
2155,36,1410
2156,36,1424
2157,36,1440
2158,36,1480
2159,36,1517
2160,36,1563
2161,36,1587
2162,36,1597
2163,36,1610
2164,36,1674
2165,36,1702
2166,36,1783
2167,36,1791
2168,36,1802
2169,36,1815
2170,36,1833
2171,36,1858
2172,36,1865
2173,36,1875
2174,36,1913
2175,36,1930
2176,36,1941
2177,37,5
2178,37,27
2179,37,83
2180,37,134
2181,37,137
2182,37,171
2183,37,229
2184,37,255
2185,37,277
2186,37,293
2187,37,339
2188,37,353
2189,37,361
2190,37,380
2191,37,385
2192,37,413
2193,37,435
2194,37,442
2195,37,447
2196,37,465
2197,37,498
2198,37,509
2199,37,576
2200,37,652
2201,37,656
2202,37,696
2203,37,705
2204,37,723
2205,37,769
2206,37,772
2207,37,780
2208,37,836
2209,37,875
2210,37,882
2211,37,897
2212,37,918
2213,37,945
2214,37,950
2215,37,1004
2216,37,1010
2217,37,1034
2218,37,1044
2219,37,1055
2220,37,1116
2221,37,1123
2222,37,1129
2223,37,1082
2224,37,1102
2225,37,1115
2226,37,1216
2227,37,1221
2228,37,1258
2229,37,1274
2230,37,1294
2231,37,1295
2232,37,1296
2233,37,1312
2234,37,1320
2235,37,1350
2236,37,1352
2237,37,1392
2238,37,1407
2239,37,1414
2240,37,1439
2241,37,1508
2242,37,1509
2243,37,1596
2244,37,1599
2245,37,1681
2246,37,1741
2247,37,1748
2248,37,1786
2249,37,1841
2250,37,1865
2251,37,1867
2252,37,1934
2253,37,1936
2254,38,97
2255,38,151
2256,38,363
2257,38,372
2258,38,408
2259,38,425
2260,38,452
2261,38,464
2262,38,505
2263,38,535
2264,38,674
2265,38,705
2266,38,771
2267,38,819
2268,38,875
2269,38,882
2270,38,899
2271,38,955
2272,38,980
2273,38,989
2274,38,1034
2275,38,1036
2276,38,1083
2277,38,1098
2278,38,1208
2279,38,1215
2280,38,1404
2281,38,1614
2282,38,1747
2283,38,1800
2284,38,1802
2285,38,1850
2286,38,1861
2287,38,1865
2288,38,1896
2289,38,1950
2290,39,6
2291,39,33
2292,39,67
2293,39,134
2294,39,139
2295,39,155
2296,39,172
2297,39,202
2298,39,232
2299,39,248
2300,39,270
2301,39,272
2302,39,284
2303,39,314
2304,39,343
2305,39,369
2306,39,376
2307,39,382
2308,39,408
2309,39,446
2310,39,461
2311,39,479
2312,39,498
2313,39,572
2314,39,585
2315,39,608
2316,39,625
2317,39,632
2318,39,642
2319,39,717
2320,39,842
2321,39,854
2322,39,882
2323,39,906
2324,39,972
2325,39,987
2326,39,1009
2327,39,1015
2328,39,1019
2329,39,1065
2330,39,1066
2331,39,1130
2332,39,1153
2333,39,1164
2334,39,1190
2335,39,1195
2336,39,1197
2337,39,1267
2338,39,1269
2339,39,1368
2340,39,1376
2341,39,1383
2342,39,1416
2343,39,1586
2344,39,1631
2345,39,1634
2346,39,1699
2347,39,1707
2348,39,1750
2349,39,1802
2350,39,1821
2351,39,1858
2352,39,1865
2353,39,1875
2354,39,1889
2355,39,1943
2356,39,1962
2357,40,217
2358,40,928
2359,40,1250
2360,40,1435
2361,40,1865
2362,41,1
2363,41,13
2364,41,36
2365,41,45
2366,41,102
2367,41,113
2368,41,132
2369,41,154
2370,41,263
2371,41,323
2372,41,339
2373,41,343
2374,41,344
2375,41,368
2376,41,401
2377,41,478
2378,41,517
2379,41,533
2380,41,564
2381,41,597
2382,41,618
2383,41,668
2384,41,721
2385,41,722
2386,41,755
2387,41,825
2388,41,878
2389,41,933
2390,41,987
2391,41,1007
2392,41,1016
2393,41,1030
2394,41,1119
2395,41,1098
2396,41,1100
2397,41,1249
2398,41,1285
2399,41,1307
2400,41,1380
2401,41,1480
2402,41,1541
2403,41,1640
2404,41,1704
2405,41,1802
2406,41,1915
2407,41,1962
2408,42,89
2409,42,130
2410,42,147
2411,42,182
2412,42,221
2413,42,226
2414,42,227
2415,42,235
2416,42,249
2417,42,275
2418,42,322
2419,42,370
2420,42,373
2421,42,392
2422,42,429
2423,42,465
2424,42,484
2425,42,487
2426,42,508
2427,42,509
2428,42,535
2429,42,566
2430,42,599
2431,42,605
2432,42,705
2433,42,725
2434,42,743
2435,42,751
2436,42,757
2437,42,760
2438,42,765
2439,42,836
2440,42,845
2441,42,846
2442,42,875
2443,42,888
2444,42,898
2445,42,948
2446,42,980
2447,42,1009
2448,42,1034
2449,42,1067
2450,42,1118
2451,42,1139
2452,42,1102
2453,42,1140
2454,42,1147
2455,42,1171
2456,42,1175
2457,42,1199
2458,42,1361
2459,42,1366
2460,42,1416
2461,42,1497
2462,42,1560
2463,42,1603
2464,42,1642
2465,42,1671
2466,42,1700
2467,42,1758
2468,42,1779
2469,42,1789
2470,42,1802
2471,42,1854
2472,42,1952
2473,42,1969
2474,43,45
2475,43,139
2476,43,151
2477,43,176
2478,43,177
2479,43,203
2480,43,275
2481,43,279
2482,43,290
2483,43,293
2484,43,334
2485,43,343
2486,43,364
2487,43,373
2488,43,390
2489,43,393
2490,43,451
2491,43,461
2492,43,480
2493,43,493
2494,43,496
2495,43,515
2496,43,549
2497,43,608
2498,43,609
2499,43,632
2500,43,669
2501,43,672
2502,43,699
2503,43,717
2504,43,729
2505,43,749
2506,43,750
2507,43,756
2508,43,763
2509,43,764
2510,43,783
2511,43,786
2512,43,790
2513,43,795
2514,43,800
2515,43,829
2516,43,839
2517,43,875
2518,43,882
2519,43,896
2520,43,959
2521,43,980
2522,43,1005
2523,43,1009
2524,43,1028
2525,43,1034
2526,43,1051
2527,43,1136
2528,43,1138
2529,43,1073
2530,43,1076
2531,43,1098
2532,43,1102
2533,43,1112
2534,43,1146
2535,43,1190
2536,43,1195
2537,43,1200
2538,43,1203
2539,43,1280
2540,43,1326
2541,43,1368
2542,43,1381
2543,43,1404
2544,43,1440
2545,43,1476
2546,43,1494
2547,43,1498
2548,43,1525
2549,43,1589
2550,43,1598
2551,43,1600
2552,43,1610
2553,43,1628
2554,43,1686
2555,43,1699
2556,43,1703
2557,43,1753
2558,43,1781
2559,43,1801
2560,43,1802
2561,43,1814
2562,43,1858
2563,43,1865
2564,43,1875
2565,43,1877
2566,43,1897
2567,43,1916
2568,43,1917
2569,44,45
2570,44,47
2571,44,49
2572,44,59
2573,44,61
2574,44,67
2575,44,78
2576,44,90
2577,44,96
2578,44,103
2579,44,122
2580,44,129
2581,44,140
2582,44,142
2583,44,161
2584,44,173
2585,44,187
2586,44,188
2587,44,195
2588,44,207
2589,44,208
2590,44,213
2591,44,214
2592,44,222
2593,44,226
2594,44,243
2595,44,245
2596,44,260
2597,44,263
2598,44,264
2599,44,272
2600,44,274
2601,44,292
2602,44,298
2603,44,300
2604,44,317
2605,44,339
2606,44,348
2607,44,373
2608,44,389
2609,44,395
2610,44,398
2611,44,403
2612,44,404
2613,44,406
2614,44,412
2615,44,413
2616,44,415
2617,44,423
2618,44,431
2619,44,434
2620,44,444
2621,44,451
2622,44,453
2623,44,457
2624,44,471
2625,44,472
2626,44,486
2627,44,491
2628,44,499
2629,44,502
2630,44,510
2631,44,511
2632,44,518
2633,44,529
2634,44,548
2635,44,556
2636,44,560
2637,44,567
2638,44,576
2639,44,570
2640,44,584
2641,44,602
2642,44,603
2643,44,608
2644,44,614
2645,44,620
2646,44,622
2647,44,628
2648,44,632
2649,44,637
2650,44,640
2651,44,646
2652,44,650
2653,44,657
2654,44,673
2655,44,681
2656,44,687
2657,44,688
2658,44,710
2659,44,712
2660,44,724
2661,44,728
2662,44,730
2663,44,746
2664,44,748
2665,44,750
2666,44,759
2667,44,763
2668,44,764
2669,44,773
2670,44,774
2671,44,778
2672,44,780
2673,44,785
2674,44,788
2675,44,790
2676,44,802
2677,44,805
2678,44,812
2679,44,818
2680,44,823
2681,44,829
2682,44,830
2683,44,834
2684,44,840
2685,44,845
2686,44,861
2687,44,874
2688,44,875
2689,44,878
2690,44,881
2691,44,882
2692,44,893
2693,44,894
2694,44,896
2695,44,898
2696,44,915
2697,44,917
2698,44,924
2699,44,925
2700,44,928
2701,44,932
2702,44,940
2703,44,942
2704,44,949
2705,44,956
2706,44,959
2707,44,982
2708,44,983
2709,44,986
2710,44,968
2711,44,1008
2712,44,1016
2713,44,1023
2714,44,1031
2715,44,1033
2716,44,1037
2717,44,1040
2718,44,1043
2719,44,1056
2720,44,1058
2721,44,1069
2722,44,1122
2723,44,1134
2724,44,1137
2725,44,1076
2726,44,1098
2727,44,1103
2728,44,1105
2729,44,1107
2730,44,1113
2731,44,1144
2732,44,1148
2733,44,1162
2734,44,1165
2735,44,1169
2736,44,1179
2737,44,1191
2738,44,1195
2739,44,1200
2740,44,1206
2741,44,1210
2742,44,1223
2743,44,1234
2744,44,1252
2745,44,1261
2746,44,1277
2747,44,1284
2748,44,1298
2749,44,1306
2750,44,1337
2751,44,1339
2752,44,1342
2753,44,1343
2754,44,1355
2755,44,1404
2756,44,1416
2757,44,1426
2758,44,1449
2759,44,1453
2760,44,1462
2761,44,1463
2762,44,1465
2763,44,1469
2764,44,1470
2765,44,1497
2766,44,1498
2767,44,1507
2768,44,1521
2769,44,1523
2770,44,1528
2771,44,1543
2772,44,1549
2773,44,1557
2774,44,1558
2775,44,1581
2776,44,1592
2777,44,1602
2778,44,1610
2779,44,1614
2780,44,1628
2781,44,1635
2782,44,1676
2783,44,1681
2784,44,1683
2785,44,1691
2786,44,1710
2787,44,1717
2788,44,1728
2789,44,1731
2790,44,1738
2791,44,1739
2792,44,1744
2793,44,1755
2794,44,1760
2795,44,1771
2796,44,1778
2797,44,1795
2798,44,1804
2799,44,1806
2800,44,1809
2801,44,1810
2802,44,1816
2803,44,1828
2804,44,1846
2805,44,1849
2806,44,1856
2807,44,1865
2808,44,1878
2809,44,1893
2810,44,1896
2811,44,1904
2812,44,1906
2813,44,1912
2814,44,1916
2815,44,1917
2816,44,1921
2817,44,1928
2818,44,1930
2819,44,1960
2820,44,1963
2821,44,1967
2822,44,1968
2823,45,134
2824,45,198
2825,45,254
2826,45,284
2827,45,468
2828,45,483
2829,45,539
2830,45,580
2831,45,652
2832,45,700
2833,45,862
2834,45,900
2835,45,913
2836,45,1166
2837,45,1203
2838,45,1394
2839,45,1478
2840,45,1540
2841,45,1551
2842,45,1566
2843,45,1600
2844,45,1702
2845,45,1762
2846,45,1798
2847,45,1807
2848,45,1860
2849,45,1865
2850,45,1875
2851,45,1879
2852,46,7
2853,46,148
2854,46,262
2855,46,352
2856,46,588
2857,46,632
2858,46,702
2859,46,984
2860,46,1306
2861,46,1309
2862,46,1526
2863,46,1865
2864,46,1919
2865,46,1920
2866,47,3
2867,47,20
2868,47,32
2869,47,40
2870,47,41
2871,47,58
2872,47,66
2873,47,88
2874,47,124
2875,47,139
2876,47,174
2877,47,190
2878,47,228
2879,47,230
2880,47,231
2881,47,275
2882,47,289
2883,47,290
2884,47,320
2885,47,325
2886,47,344
2887,47,371
2888,47,442
2889,47,460
2890,47,461
2891,47,512
2892,47,519
2893,47,588
2894,47,596
2895,47,607
2896,47,620
2897,47,621
2898,47,632
2899,47,634
2900,47,672
2901,47,683
2902,47,689
2903,47,712
2904,47,717
2905,47,719
2906,47,747
2907,47,758
2908,47,794
2909,47,795
2910,47,803
2911,47,869
2912,47,877
2913,47,941
2914,47,943
2915,47,944
2916,47,987
2917,47,1016
2918,47,1052
2919,47,1053
2920,47,1063
2921,47,1076
2922,47,1109
2923,47,1142
2924,47,1161
2925,47,1195
2926,47,1235
2927,47,1244
2928,47,1267
2929,47,1269
2930,47,1273
2931,47,1306
2932,47,1334
2933,47,1348
2934,47,1393
2935,47,1421
2936,47,1430
2937,47,1431
2938,47,1434
2939,47,1438
2940,47,1458
2941,47,1483
2942,47,1496
2943,47,1502
2944,47,1505
2945,47,1524
2946,47,1589
2947,47,1611
2948,47,1629
2949,47,1637
2950,47,1644
2951,47,1669
2952,47,1706
2953,47,1708
2954,47,1732
2955,47,1858
2956,47,1865
2957,47,1889
2958,47,1928
2959,47,1944
2960,47,1962
2961,47,26
2962,47,138
2963,47,216
2964,47,233
2965,47,326
2966,47,341
2967,47,405
2968,47,437
2969,47,475
2970,47,583
2971,47,595
2972,47,601
2973,47,631
2974,47,635
2975,47,647
2976,47,754
2977,47,775
2978,47,822
2979,47,1029
2980,47,1068
2981,47,1084
2982,47,1085
2983,47,1104
2984,47,1251
2985,47,1263
2986,47,1271
2987,47,1372
2988,47,1409
2989,47,1412
2990,47,1448
2991,47,1482
2992,47,1495
2993,47,1536
2994,47,1677
2995,47,1697
2996,47,1834
2997,47,1876
2998,47,1914
2999,48,1918
3000,48,6
3001,48,76
3002,48,151
3003,48,336
3004,48,366
3005,48,370
3006,48,408
3007,48,441
3008,48,535
3009,48,611
3010,48,632
3011,48,652
3012,48,705
3013,48,711
3014,48,868
3015,48,882
3016,48,942
3017,48,952
3018,48,953
3019,48,957
3020,48,1028
3021,48,1034
3022,48,1105
3023,48,1292
3024,48,1333
3025,48,1358
3026,48,1382
3027,48,1551
3028,48,1624
3029,48,1626
3030,48,1630
3031,48,1643
3032,48,1685
3033,48,1745
3034,48,1842
3035,48,1847
3036,48,1894
3037,48,1902
3038,48,1947
3039,49,109
3040,49,154
3041,49,186
3042,49,206
3043,49,220
3044,49,252
3045,49,263
3046,49,373
3047,49,524
3048,49,608
3049,49,675
3050,49,705
3051,49,716
3052,49,753
3053,49,756
3054,49,766
3055,49,774
3056,49,875
3057,49,882
3058,49,911
3059,49,1028
3060,49,1034
3061,49,1044
3062,49,1126
3063,49,1098
3064,49,1102
3065,49,1105
3066,49,1153
3067,49,1172
3068,49,1173
3069,49,1189
3070,49,1190
3071,49,1203
3072,49,1255
3073,49,1290
3074,49,1360
3075,49,1398
3076,49,1401
3077,49,1428
3078,49,1440
3079,49,1450
3080,49,1454
3081,49,1492
3082,49,1494
3083,49,1701
3084,49,1731
3085,49,1784
3086,49,1795
3087,49,1804
3088,49,1875
3089,49,1880
3090,49,1891
3091,49,1927
3092,49,1930
3093,49,1943
3094,50,6
3095,50,73
3096,50,116
3097,50,128
3098,50,226
3099,50,235
3100,50,246
3101,50,267
3102,50,350
3103,50,370
3104,50,408
3105,50,446
3106,50,473
3107,50,525
3108,50,531
3109,50,535
3110,50,543
3111,50,558
3112,50,618
3113,50,623
3114,50,625
3115,50,705
3116,50,714
3117,50,715
3118,50,859
3119,50,862
3120,50,875
3121,50,882
3122,50,905
3123,50,927
3124,50,935
3125,50,965
3126,50,974
3127,50,990
3128,50,1034
3129,50,1089
3130,50,1091
3131,50,1097
3132,50,1101
3133,50,1151
3134,50,1170
3135,50,1190
3136,50,1286
3137,50,1301
3138,50,1325
3139,50,1332
3140,50,1365
3141,50,1382
3142,50,1404
3143,50,1410
3144,50,1429
3145,50,1447
3146,50,1480
3147,50,1500
3148,50,1523
3149,50,1649
3150,50,1577
3151,50,1579
3152,50,1607
3153,50,1609
3154,50,1731
3155,50,1774
3156,50,1826
3157,50,1831
3158,50,1854
3159,50,1864
3160,50,1865
3161,50,1872
3162,50,1873
3163,50,1874
3164,50,1923
3165,50,1930
3166,51,19
3167,51,164
3168,51,275
3169,51,284
3170,51,420
3171,51,452
3172,51,638
3173,51,693
3174,51,827
3175,51,896
3176,51,994
3177,51,1034
3178,51,1232
3179,51,1257
3180,51,1340
3181,51,1397
3182,51,1613
3183,51,1696
3184,51,1715
3185,51,1740
3186,51,1797
3187,51,1863
3188,51,1890
